<?xml version="1.0" encoding="UTF-8"?>
<project-private xmlns="http://www.netbeans.org/ns/project-private/1">
    <editor-bookmarks xmlns="http://www.netbeans.org/ns/editor-bookmarks/2" lastBookmarkId="0"/>
    <open-files xmlns="http://www.netbeans.org/ns/projectui-open-files/2">
        <group>
            <file>file:/C:/Users/tibir/OneDrive/Área%20de%20Trabalho/Atividade20-master/Atividade20-master/Atividade-2VA-master/src/GUI/Main.java</file>
            <file>file:/C:/Users/tibir/OneDrive/Área%20de%20Trabalho/Atividade20-master/Atividade20-master/Atividade-2VA-master/src/Negocios/Beans/Modalidade.java</file>
            <file>file:/C:/Users/tibir/OneDrive/Área%20de%20Trabalho/Atividade20-master/Atividade20-master/Atividade-2VA-master/src/Negocios/Beans/Medalha.java</file>
            <file>file:/C:/Users/tibir/OneDrive/Área%20de%20Trabalho/Atividade20-master/Atividade20-master/Atividade-2VA-master/src/Negocios/Beans/Pais.java</file>
            <file>file:/C:/Users/tibir/OneDrive/Área%20de%20Trabalho/Atividade20-master/Atividade20-master/Atividade-2VA-master/src/Exception/AtualizarException.java</file>
            <file>file:/C:/Users/tibir/OneDrive/Área%20de%20Trabalho/Atividade20-master/Atividade20-master/Atividade-2VA-master/src/Exception/InserirException.java</file>
            <file>file:/C:/Users/tibir/OneDrive/Área%20de%20Trabalho/Atividade20-master/Atividade20-master/Atividade-2VA-master/src/GUI/ControlarTela.java</file>
            <file>file:/C:/Users/tibir/OneDrive/Área%20de%20Trabalho/Atividade20-master/Atividade20-master/Atividade-2VA-master/src/Negocios/Controlador.java</file>
            <file>file:/C:/Users/tibir/OneDrive/Área%20de%20Trabalho/Atividade20-master/Atividade20-master/Atividade-2VA-master/src/GUI/Palco.fxml</file>
            <file>file:/C:/Users/tibir/OneDrive/Área%20de%20Trabalho/Atividade20-master/Atividade20-master/Atividade-2VA-master/src/Negocios/Fachada.java</file>
            <file>file:/C:/Users/tibir/OneDrive/Área%20de%20Trabalho/Atividade20-master/Atividade20-master/Atividade-2VA-master/src/Negocios/Beans/TipoDeMedalhas.java</file>
            <file>file:/C:/Users/tibir/OneDrive/Área%20de%20Trabalho/Atividade20-master/Atividade20-master/Atividade-2VA-master/src/Dados/RepositorioDeMedalhas.java</file>
            <file>file:/C:/Users/tibir/OneDrive/Área%20de%20Trabalho/Atividade20-master/Atividade20-master/Atividade-2VA-master/src/Exception/RemoverException.java</file>
        </group>
    </open-files>
</project-private>
